row-column,j1,j2,j3,j4,j5,j6
i1,122.60562051220894,84.21422397956438,84.21419786705741,1.659785059495987e-05,7.305141471793443e-05,8.46969269982267e-06
i2,84.21422397956438,122.6056973575866,84.21412736328861,3.514062640505294e-05,1.986437979091492e-05,-1.637926838578679e-05
i3,84.21419786705741,84.21412736328861,122.6055440398671,5.0440728549138795e-05,4.571020834369089e-05,5.157989597401487e-06
i4,1.659785059495987e-05,3.514062640505294e-05,5.0440728549138795e-05,110.48384971825266,3.304090530477562e-05,-1.618792755719363e-05
i5,7.305141471793443e-05,1.986437979091492e-05,4.571020834369089e-05,3.304090530477562e-05,110.48385829807638,-9.748320039543805e-05
i6,8.46969269982267e-06,-1.637926838578679e-05,5.157989597401487e-06,-1.618792755719363e-05,-9.748320039543805e-05,110.48380607306244
