property,7net-0
a0,2.845561059942842
E_vac_f,1.2919788360595703
E_100_f,1.8448410416949323
E_110_f,1.2451330911288343
E_111_f,2.0429116370107248
B,97.01135615711257
C_prime,19.19569826632228
C44,110.48384971825266
