nn,7net-0,omni,ompa,ompas,ompas_wso
1nn,0.298828125,0.188232421875,0.208251953125,0.2177734375,0.2197265625
2nn,0.14013671875,-6.55615234375,0.188232421875,0.2025146484375,0.206298828125
3nn,0.056884765625,-13.4591064453125,0.023681640625,0.0296630859375,0.03173828125
4nn,0.05029296875,-20.10430908203125,0.030029296875,0.03466796875,0.03515625
5nn,0.064208984375,-26.676025390625,-0.0399169921875,-0.02880859375,-0.029052734375
