nn,7net-0,omni,ompa,ompas,ompas_wso
1nn,0.3280029296875,0.468017578125,0.475830078125,0.4805908203125,0.4825439453125
2nn,0.1602783203125,-6.40087890625,0.109619140625,0.12646484375,0.130615234375
3nn,0.0382080078125,-13.0303955078125,0.0322265625,0.035400390625,0.0362548828125
4nn,0.010009765625,-20.06512451171875,-0.017333984375,-0.007568359375,-0.0079345703125
5nn,0.0028076171875,-26.236572265625,0.059814453125,0.0615234375,0.0611572265625
