nn,7net-0,omni,ompa,ompas,ompas_wso
1nn,0.373779296875,0.027587890625,0.013671875,0.0302734375,0.03271484375
2nn,0.146728515625,-5.701416015625,0.08642578125,0.1080322265625,0.1116943359375
3nn,0.16943359375,-11.5858154296875,0.032958984375,0.03515625,0.0361328125
4nn,0.1298828125,-17.2305908203125,0.029296875,0.034423828125,0.0343017578125
5nn,0.144775390625,-22.95013427734375,-0.050537109375,-0.03662109375,-0.036865234375
