nn,7net-0,omni,ompa,ompas,ompas_wso
1nn,0.36083984375,0.499755859375,0.4896240234375,0.5042724609375,0.50537109375
2nn,0.1539306640625,-5.281982421875,0.172607421875,0.188232421875,0.1910400390625
3nn,0.040771484375,-10.8946533203125,0.0408935546875,0.0440673828125,0.04443359375
4nn,0.0323486328125,-16.896240234375,-0.0255126953125,-0.0157470703125,-0.01611328125
5nn,0.026123046875,-22.08721923828125,0.04248046875,0.0469970703125,0.0465087890625
