nn,7net-0,omni,ompa,ompas,ompas_wso
1nn,-0.1434326171875,-0.02978515625,-0.0550537109375,-0.05029296875,-0.0498046875
2nn,-0.1917724609375,-1.193603515625,-0.000732421875,0.0047607421875,0.00537109375
3nn,-0.034423828125,-2.35986328125,0.00341796875,0.0,0.00048828125
4nn,-0.004150390625,-3.531982421875,-0.0093994140625,-0.009765625,-0.009521484375
5nn,0.1524658203125,-4.7188720703125,-0.002685546875,0.000244140625,0.00048828125
