nn,7net-0,omni,ompa,ompas,ompas_wso
1nn,-0.0440673828125,0.025146484375,0.02587890625,0.0281982421875,0.0284423828125
2nn,-0.0567626953125,-1.0970458984375,0.07470703125,0.0704345703125,0.0714111328125
3nn,-0.0260009765625,-2.302734375,0.002197265625,-0.0006103515625,-0.000732421875
4nn,-0.025146484375,-3.42919921875,-0.009521484375,-0.0072021484375,-0.0074462890625
5nn,0.004150390625,-4.564697265625,0.005615234375,0.0079345703125,0.007568359375
