nn,7net-0,omni,ompa,ompas,ompas_wso
1nn,-0.095458984375,-0.06201171875,-0.14697265625,-0.098388671875,-0.1070556640625
2nn,-0.10986328125,1.081298828125,-0.0888671875,-0.047607421875,-0.050537109375
3nn,-0.0068359375,2.2664794921875,0.0272216796875,0.02880859375,0.0286865234375
4nn,0.03515625,3.420654296875,0.0208740234375,0.019287109375,0.018798828125
5nn,0.0543212890625,4.549072265625,-0.060791015625,-0.046875,-0.0477294921875
