nn,7net-0,omni,ompa,ompas,ompas_wso
1nn,0.099609375,-0.0118408203125,0.027587890625,0.0322265625,0.0286865234375
2nn,0.0052490234375,1.106201171875,0.015869140625,0.00244140625,0.002197265625
3nn,-0.0325927734375,2.3148193359375,0.002685546875,0.0067138671875,0.005859375
4nn,-0.034912109375,3.44677734375,-0.007568359375,-0.0076904296875,-0.0076904296875
5nn,-0.00341796875,4.58447265625,0.02294921875,0.0225830078125,0.0223388671875
