nn,7net-0,omni,ompa,ompas,ompas_wso
1nn,-0.00439453125,0.11181640625,0.1336669921875,0.1414794921875,0.1429443359375
2nn,-0.0416259765625,-4.74658203125,0.015625,0.0244140625,0.0263671875
3nn,-0.027099609375,-9.6181640625,0.0068359375,0.00537109375,0.00634765625
4nn,-0.0455322265625,-14.478271484375,0.002685546875,0.0068359375,0.0067138671875
5nn,0.0655517578125,-19.22412109375,0.00537109375,0.0157470703125,0.0146484375
