nn,7net-0,omni,ompa,ompas,ompas_wso
1nn,0.125244140625,0.22607421875,0.2183837890625,0.22900390625,0.2315673828125
2nn,0.078857421875,-4.566162109375,0.0841064453125,0.1002197265625,0.103759765625
3nn,-0.0166015625,-9.4749755859375,0.0196533203125,0.02001953125,0.0203857421875
4nn,-0.0078125,-14.294921875,-0.000244140625,0.0069580078125,0.0064697265625
5nn,-0.041015625,-18.94122314453125,0.040771484375,0.0439453125,0.0435791015625
