nn,7net-0,omni,ompa,ompas,ompas_wso
1nn,0.191162109375,-0.4310302734375,-0.4326171875,-0.457275390625,-0.462646484375
2nn,0.341552734375,1.080078125,-0.0888671875,-0.0712890625,-0.075927734375
3nn,0.466064453125,2.38427734375,0.068603515625,0.06884765625,0.0703125
4nn,0.166015625,3.885498046875,0.0062255859375,-0.00341796875,-0.0045166015625
5nn,-0.1236572265625,4.934814453125,0.03173828125,0.0093994140625,0.0050048828125
