nn,7net-0,omni,ompa,ompas,ompas_wso
1nn,0.79736328125,0.560302734375,0.557861328125,0.552734375,0.5517578125
2nn,0.4560546875,1.7227783203125,-0.086181640625,-0.0711669921875,-0.0721435546875
3nn,-0.0732421875,4.983154296875,-0.0029296875,0.009033203125,0.0101318359375
4nn,-0.0474853515625,4.4912109375,-0.0076904296875,-0.0091552734375,-0.009033203125
5nn,0.79736328125,6.385986328125,0.0440673828125,0.0396728515625,0.0396728515625
