nn,7net-0,omni,ompa,ompas,ompas_wso
1nn,-0.022216796875,-0.174560546875,-0.2293701171875,-0.206298828125,-0.20703125
2nn,-0.0926513671875,0.388427734375,-0.057861328125,-0.04052734375,-0.0411376953125
3nn,0.0430908203125,0.8675537109375,-0.036865234375,-0.036376953125,-0.034912109375
4nn,0.071044921875,1.468994140625,0.0006103515625,-0.00830078125,-0.0079345703125
5nn,0.350341796875,1.810302734375,-0.01611328125,-0.0157470703125,-0.01513671875
