nn,7net-0,omni,ompa,ompas,ompas_wso
1nn,0.0855712890625,0.216796875,0.21875,0.21826171875,0.218994140625
2nn,0.010986328125,0.84814453125,0.1357421875,0.13037109375,0.13232421875
3nn,0.00830078125,1.4251708984375,0.0352783203125,0.03662109375,0.0362548828125
4nn,-0.00439453125,1.8316650390625,-0.027587890625,-0.0233154296875,-0.02392578125
5nn,0.0419921875,2.785400390625,-0.014404296875,-0.0098876953125,-0.010986328125
