nn,7net-0,omni,ompa,ompas,ompas_wso
1nn,0.047607421875,0.07177734375,0.0770263671875,0.0712890625,0.0704345703125
2nn,0.072021484375,0.6190185546875,0.010009765625,0.027099609375,0.026123046875
3nn,-0.004150390625,1.128662109375,0.021728515625,0.0186767578125,0.0189208984375
4nn,-0.0213623046875,1.6787109375,0.008544921875,0.009765625,0.010009765625
5nn,0.00244140625,2.284912109375,-0.01708984375,-0.005615234375,-0.006591796875
