nn,7net-0,omni,ompa,ompas,ompas_wso
1nn,0.0474853515625,0.03076171875,0.04736328125,0.058349609375,0.0556640625
2nn,0.020751953125,0.53369140625,0.0067138671875,0.002685546875,0.0035400390625
3nn,-0.0269775390625,1.102783203125,0.00634765625,0.015380859375,0.0152587890625
4nn,-0.0166015625,1.607421875,-0.002197265625,0.001708984375,0.001953125
5nn,-0.012451171875,2.177734375,-0.000732421875,0.00146484375,0.00146484375
