nn,7net-0,omni,ompa,ompas,ompas_wso
1nn,-0.1005859375,-0.133544921875,-0.19091796875,-0.15966796875,-0.161865234375
2nn,-0.1036376953125,2.224365234375,-0.0699462890625,-0.0579833984375,-0.0599365234375
3nn,0.0438232421875,4.64013671875,0.033935546875,0.025390625,0.0264892578125
4nn,0.0733642578125,6.980224609375,-0.0040283203125,-0.0054931640625,-0.007080078125
5nn,0.06005859375,9.3291015625,-0.0296630859375,-0.025390625,-0.027099609375
