nn,7net-0,omni,ompa,ompas,ompas_wso
1nn,0.13818359375,0.127685546875,0.164794921875,0.163330078125,0.1612548828125
2nn,-0.068115234375,2.388427734375,-0.040283203125,-0.0426025390625,-0.0443115234375
3nn,-0.0281982421875,4.9012451171875,0.0023193359375,0.011962890625,0.01123046875
4nn,-0.0166015625,7.15234375,-0.006103515625,-0.0078125,-0.008056640625
5nn,0.067138671875,9.613037109375,0.010498046875,0.00439453125,0.00390625
