nn,7net-0,omni,ompa,ompas,ompas_wso
1nn,0.0849609375,-0.333251953125,-0.356201171875,-0.346923828125,-0.3524169921875
2nn,0.146484375,1.28369140625,-0.099853515625,-0.0870361328125,-0.093017578125
3nn,0.3016357421875,2.86865234375,0.074951171875,0.059814453125,0.059326171875
4nn,0.1551513671875,4.45166015625,0.000244140625,-0.0147705078125,-0.017578125
5nn,-0.07958984375,5.863525390625,-0.0093994140625,-0.020263671875,-0.025390625
