nn,7net-0,omni,ompa,ompas,ompas_wso
1nn,0.394775390625,0.3145751953125,0.351318359375,0.34765625,0.3443603515625
2nn,-0.0423583984375,1.7083740234375,-0.069091796875,-0.054931640625,-0.056884765625
3nn,-0.07080078125,4.5023193359375,-0.0001220703125,0.0126953125,0.01220703125
4nn,-0.03369140625,4.92724609375,-0.0047607421875,-0.006591796875,-0.0069580078125
5nn,0.0400390625,6.705322265625,0.029541015625,0.026611328125,0.0263671875
