nn,7net-0,omni,ompa,ompas,ompas_wso
1nn,-0.115966796875,0.044189453125,0.032470703125,0.04052734375,0.0408935546875
2nn,-0.070068359375,-2.6680908203125,0.0126953125,0.0225830078125,0.0245361328125
3nn,-0.0125732421875,-5.386962890625,0.014404296875,0.0087890625,0.009765625
4nn,-0.008056640625,-8.1143798828125,-0.007568359375,-0.006103515625,-0.006103515625
5nn,0.0445556640625,-10.794189453125,0.010498046875,0.0169677734375,0.0166015625
