nn,7net-0,omni,ompa,ompas,ompas_wso
1nn,-0.0267333984375,0.130859375,0.1328125,0.1455078125,0.1463623046875
2nn,-0.0159912109375,-2.5037841796875,0.111083984375,0.1204833984375,0.1229248046875
3nn,-0.0006103515625,-5.293701171875,0.01953125,0.01611328125,0.01611328125
4nn,-0.0076904296875,-7.9364013671875,-0.00732421875,-0.003173828125,-0.00390625
5nn,0.0045166015625,-10.551025390625,0.0267333984375,0.0283203125,0.0277099609375
