nn,7net-0,omni,ompa,ompas,ompas_wso
1nn,-0.299072265625,-0.0185546875,-0.0445556640625,-0.0333251953125,-0.03564453125
2nn,-0.423828125,2.563720703125,0.029052734375,0.038818359375,0.037353515625
3nn,0.0992431640625,5.0474853515625,-0.0423583984375,-0.046630859375,-0.0462646484375
4nn,0.2108154296875,7.69580078125,-0.000732421875,-0.01025390625,-0.010498046875
5nn,0.52099609375,10.1094970703125,-0.0196533203125,-0.0240478515625,-0.0234375
