nn,7net-0,omni,ompa,ompas,ompas_wso
1nn,0.041259765625,0.14306640625,0.1605224609375,0.1568603515625,0.15771484375
2nn,-0.1282958984375,2.8140869140625,0.081298828125,0.0712890625,0.072998046875
3nn,-0.02978515625,5.4193115234375,0.0362548828125,0.0401611328125,0.040283203125
4nn,-0.0062255859375,7.777587890625,-0.016357421875,-0.01611328125,-0.0164794921875
5nn,0.0361328125,10.792236328125,-0.018798828125,-0.0174560546875,-0.0185546875
