nn,7net-0,omni,ompa,ompas,ompas_wso
1nn,0.2301025390625,0.0526123046875,0.03759765625,0.0517578125,0.054931640625
2nn,0.02392578125,-3.13818359375,0.0994873046875,0.113037109375,0.116943359375
3nn,0.082275390625,-6.455810546875,0.01904296875,0.012939453125,0.013916015625
4nn,0.0782470703125,-9.598876953125,0.0101318359375,0.008544921875,0.0087890625
5nn,0.25341796875,-12.779052734375,-0.0172119140625,-0.0125732421875,-0.01318359375
