nn,7net-0,omni,ompa,ompas,ompas_wso
1nn,0.1502685546875,0.335205078125,0.3392333984375,0.3438720703125,0.3453369140625
2nn,0.03369140625,-2.9068603515625,0.119384765625,0.1297607421875,0.132568359375
3nn,0.0111083984375,-6.043212890625,0.04052734375,0.0380859375,0.037841796875
4nn,0.029541015625,-9.43310546875,-0.0208740234375,-0.013916015625,-0.014892578125
5nn,0.02587890625,-12.23681640625,0.0296630859375,0.03173828125,0.031005859375
