nn,7net-0,omni,ompa,ompas,ompas_wso
1nn,0.1566162109375,-0.113037109375,-0.174072265625,-0.1468505859375,-0.1451416015625
2nn,-0.089111328125,-2.031982421875,-0.016357421875,0.007568359375,0.010498046875
3nn,0.170654296875,-4.053466796875,0.0067138671875,-0.001953125,-0.0003662109375
4nn,0.1632080078125,-5.940185546875,0.011474609375,0.0052490234375,0.0054931640625
5nn,0.380126953125,-8.010009765625,-0.024658203125,-0.01611328125,-0.015869140625
