nn,7net-0,omni,ompa,ompas,ompas_wso
1nn,0.1427001953125,0.33447265625,0.330322265625,0.3446044921875,0.345703125
2nn,0.0628662109375,-1.558837890625,0.161376953125,0.1719970703125,0.17431640625
3nn,0.0357666015625,-3.445556640625,0.0419921875,0.0421142578125,0.0416259765625
4nn,0.0281982421875,-5.5240478515625,-0.03076171875,-0.0234375,-0.0244140625
5nn,0.0267333984375,-7.067138671875,0.0098876953125,0.017822265625,0.016845703125
