nn,7net-0,omni,ompa,ompas,ompas_wso
1nn,0.0006103515625,0.0126953125,-0.0565185546875,-0.0302734375,-0.034912109375
2nn,-0.266357421875,3.9747314453125,-0.0272216796875,-0.0146484375,-0.016845703125
3nn,0.0560302734375,7.8792724609375,-0.0025634765625,-0.015625,-0.0155029296875
4nn,0.112548828125,11.873779296875,0.00244140625,-0.004638671875,-0.006103515625
5nn,0.23291015625,15.7767333984375,-0.0350341796875,-0.0361328125,-0.037841796875
