nn,7net-0,omni,ompa,ompas,ompas_wso
1nn,0.0364990234375,0.0850830078125,0.1239013671875,0.1175537109375,0.1163330078125
2nn,-0.1234130859375,4.06005859375,0.01953125,0.0103759765625,0.009765625
3nn,-0.05322265625,8.1075439453125,0.0203857421875,0.029052734375,0.0289306640625
4nn,0.0025634765625,11.8468017578125,-0.0111083984375,-0.0115966796875,-0.0118408203125
5nn,0.05126953125,16.06982421875,-0.007568359375,-0.00830078125,-0.009033203125
