nn,7net-0,omni,ompa,ompas,ompas_wso
1nn,0.008544921875,-0.093017578125,-0.1427001953125,-0.1220703125,-0.12109375
2nn,-0.076171875,-1.133056640625,0.02001953125,0.029296875,0.0294189453125
3nn,0.007568359375,-2.271728515625,-0.0098876953125,-0.014404296875,-0.01318359375
4nn,0.038330078125,-3.2972412109375,-0.0048828125,-0.011962890625,-0.01171875
5nn,0.255126953125,-4.466552734375,-0.0177001953125,-0.015380859375,-0.015380859375
