nn,7net-0,omni,ompa,ompas,ompas_wso
1nn,0.03173828125,0.215087890625,0.216552734375,0.2208251953125,0.2213134765625
2nn,-0.0350341796875,-0.8326416015625,0.110107421875,0.112060546875,0.1136474609375
3nn,0.0013427734375,-1.8399658203125,0.031982421875,0.0301513671875,0.0296630859375
4nn,-0.001220703125,-3.0440673828125,-0.0225830078125,-0.018310546875,-0.0191650390625
5nn,0.0301513671875,-3.794189453125,-0.0009765625,0.0029296875,0.0020751953125
