nn,7net-0,omni,ompa,ompas,ompas_wso
1nn,-0.2437744140625,-0.02783203125,-0.04736328125,-0.041015625,-0.0430908203125
2nn,-0.359130859375,0.5703125,0.040283203125,0.04443359375,0.0421142578125
3nn,0.0474853515625,1.075927734375,-0.0283203125,-0.0311279296875,-0.03076171875
4nn,0.141845703125,1.7120361328125,-0.0057373046875,-0.01611328125,-0.01611328125
5nn,0.442138671875,2.1956787109375,-0.019287109375,-0.02197265625,-0.0216064453125
