nn,7net-0,omni,ompa,ompas,ompas_wso
1nn,0.07177734375,0.147705078125,0.1571044921875,0.1593017578125,0.15966796875
2nn,-0.1002197265625,0.7640380859375,0.0684814453125,0.064453125,0.0657958984375
3nn,-0.0260009765625,1.4066162109375,0.0333251953125,0.033203125,0.0328369140625
4nn,-0.01123046875,1.802001953125,-0.013671875,-0.0126953125,-0.013427734375
5nn,0.0284423828125,2.74609375,-0.0111083984375,-0.0078125,-0.0087890625
