nn,7net-0,omni,ompa,ompas,ompas_wso
1nn,0.10107421875,-0.423828125,-0.451904296875,-0.4349365234375,-0.441162109375
2nn,0.2115478515625,3.141357421875,-0.11279296875,-0.0880126953125,-0.09423828125
3nn,0.357177734375,6.6055908203125,0.068359375,0.0543212890625,0.0538330078125
4nn,0.189208984375,10.1318359375,-0.00830078125,-0.0196533203125,-0.022216796875
5nn,-0.062744140625,13.387939453125,0.0052490234375,-0.002197265625,-0.0078125
