nn,7net-0,omni,ompa,ompas,ompas_wso
1nn,0.343994140625,0.2618408203125,0.2923583984375,0.28955078125,0.28662109375
2nn,-0.079833984375,3.5604248046875,-0.097900390625,-0.083251953125,-0.08544921875
3nn,-0.061279296875,8.3846435546875,-0.0040283203125,0.0130615234375,0.0130615234375
4nn,-0.026123046875,10.57470703125,-0.008544921875,-0.0091552734375,-0.0093994140625
5nn,0.052978515625,14.312744140625,0.0296630859375,0.0238037109375,0.0234375
