nn,7net-0,omni,ompa,ompas,ompas_wso
1nn,-0.12646484375,0.0751953125,0.037841796875,0.048583984375,0.043701171875
2nn,-0.3089599609375,1.9739990234375,0.021484375,0.024658203125,0.0213623046875
3nn,0.124267578125,3.8072509765625,-0.010986328125,-0.023681640625,-0.02392578125
4nn,0.1409912109375,5.732177734375,-0.0029296875,-0.0140380859375,-0.0152587890625
5nn,0.4208984375,7.597900390625,-0.0352783203125,-0.039306640625,-0.040283203125
