nn,7net-0,omni,ompa,ompas,ompas_wso
1nn,0.032958984375,0.10791015625,0.133544921875,0.12939453125,0.1280517578125
2nn,-0.2130126953125,2.0150146484375,0.016845703125,0.01025390625,0.009765625
3nn,-0.0654296875,3.9942626953125,0.0213623046875,0.02734375,0.026611328125
4nn,-0.001953125,5.685791015625,-0.00634765625,-0.008056640625,-0.008544921875
5nn,0.0780029296875,7.8330078125,-0.006591796875,-0.00634765625,-0.0068359375
