nn,7net-0,omni,ompa,ompas,ompas_wso
1nn,0.1275634765625,-0.32861328125,-0.3341064453125,-0.35498046875,-0.3575439453125
2nn,0.1923828125,-0.2886962890625,-0.135009765625,-0.132568359375,-0.135009765625
3nn,0.14990234375,-0.255126953125,0.027587890625,0.0157470703125,0.015869140625
4nn,0.0848388671875,-0.2381591796875,-0.0159912109375,-0.0313720703125,-0.0328369140625
5nn,-0.0242919921875,-0.533935546875,0.0205078125,0.00634765625,0.0037841796875
