nn,7net-0,omni,ompa,ompas,ompas_wso
1nn,0.375732421875,0.19775390625,0.209228515625,0.2022705078125,0.2012939453125
2nn,-0.066650390625,0.10595703125,-0.1275634765625,-0.1243896484375,-0.1248779296875
3nn,-0.066162109375,1.1846923828125,-0.01416015625,-0.0047607421875,-0.0040283203125
4nn,-0.0423583984375,0.17041015625,0.0015869140625,-0.0010986328125,-0.0010986328125
5nn,0.0428466796875,0.385986328125,0.039306640625,0.0325927734375,0.0323486328125
