nn,7net-0,omni,ompa,ompas,ompas_wso
1nn,-0.072265625,-0.2490234375,-0.292724609375,-0.265869140625,-0.267333984375
2nn,-0.09228515625,0.82080078125,-0.10986328125,-0.10009765625,-0.09912109375
3nn,0.00537109375,1.970458984375,0.0316162109375,0.021240234375,0.022705078125
4nn,0.0499267578125,3.011474609375,-0.00390625,-0.009521484375,-0.0096435546875
5nn,0.061279296875,3.9232177734375,-0.017822265625,-0.013916015625,-0.0137939453125
