nn,7net-0,omni,ompa,ompas,ompas_wso
1nn,0.060791015625,0.01416015625,0.037109375,0.0308837890625,0.0296630859375
2nn,-0.09375,1.0198974609375,-0.0638427734375,-0.06787109375,-0.0679931640625
3nn,-0.0206298828125,2.23046875,-0.014404296875,-0.0068359375,-0.0069580078125
4nn,-0.0098876953125,3.2603759765625,0.0030517578125,0.0,-0.0001220703125
5nn,0.0496826171875,4.28173828125,0.0284423828125,0.0206298828125,0.0198974609375
