nn,7net-0,omni,ompa,ompas,ompas_wso
1nn,-0.174560546875,-0.217041015625,-0.289794921875,-0.242919921875,-0.2451171875
2nn,-0.100341796875,4.177978515625,-0.064208984375,-0.0390625,-0.04150390625
3nn,0.0302734375,8.556640625,0.041748046875,0.03466796875,0.035400390625
4nn,0.124755859375,12.9208984375,-0.0081787109375,-0.00439453125,-0.00634765625
5nn,0.087646484375,17.216064453125,-0.024169921875,-0.014892578125,-0.017333984375
