nn,7net-0,omni,ompa,ompas,ompas_wso
1nn,0.094970703125,0.1068115234375,0.1492919921875,0.157958984375,0.155517578125
2nn,-0.102294921875,4.3455810546875,-0.0489501953125,-0.044189453125,-0.0458984375
3nn,-0.03173828125,8.9478759765625,-0.0013427734375,0.011962890625,0.01171875
4nn,-0.002685546875,13.0919189453125,-0.010986328125,-0.0113525390625,-0.011474609375
5nn,0.08837890625,17.5928955078125,0.010009765625,0.00439453125,0.0035400390625
