nn,7net-0,omni,ompa,ompas,ompas_wso
1nn,0.1856689453125,-0.359619140625,-0.33984375,-0.376708984375,-0.384033203125
2nn,0.349853515625,-0.487060546875,-0.0787353515625,-0.071044921875,-0.0765380859375
3nn,0.513916015625,-0.7666015625,0.08837890625,0.083984375,0.0843505859375
4nn,0.3428955078125,-0.896240234375,0.012451171875,-0.002197265625,-0.0042724609375
5nn,-0.1444091796875,-1.3828125,0.0313720703125,0.006103515625,0.0001220703125
