nn,7net-0,omni,ompa,ompas,ompas_wso
1nn,0.9805908203125,0.73388671875,0.70703125,0.700927734375,0.6995849609375
2nn,0.8338623046875,0.262939453125,-0.03564453125,-0.01171875,-0.01318359375
3nn,-0.0455322265625,1.9093017578125,-0.00390625,0.0076904296875,0.008056640625
4nn,-0.0362548828125,-0.1605224609375,-0.005615234375,-0.007080078125,-0.0074462890625
5nn,0.9805908203125,1.35888671875,0.04833984375,0.042724609375,0.04345703125
