property,7net-0,omni,ompa,ompas,ompas_wso
a0,2.8455610572153796,2.844969557098174,2.8459585000591225,2.848091942261853,2.848261778437665
E_vac_f,1.2919788360595703,2.1758556365966797,2.2977046966552734,2.3011722564697266,2.3036155700683594
E_100_f,1.8448561413273952,2.6044119217881523,2.628937550813744,2.560895758984911,2.5470522339565953
E_110_f,1.2451330935157476,2.42461150297665,2.4655276474864665,2.4077901405240305,2.403379784493534
E_111_f,2.0429116409269743,2.7216739871631717,2.7660417195539853,2.7057652860434365,2.695094901395889
B,97.01123715868793,172.24317747301083,223.8640462359982,222.39522617437117,219.96316323048634
C_prime,19.195687634801565,60.08235439289169,55.95564700760177,65.5497700259066,65.69216917365235
C44,110.48381763717266,101.10274581717066,78.20081671579628,90.66523396104368,91.37374610482463
